[
  {
    "shortDescription" : "Silero VAD Unified Model (STFT + Encoder + Decoder)",
    "metadataOutputVersion" : "3.0",
    "outputSchema" : [
      {
        "hasShapeFlexibility" : "0",
        "isOptional" : "0",
        "dataType" : "Float32",
        "formattedType" : "MultiArray (Float32 1 × 1 × 1)",
        "shortDescription" : "",
        "shape" : "[1, 1, 1]",
        "name" : "vad_output",
        "type" : "MultiArray"
      },
      {
        "hasShapeFlexibility" : "0",
        "isOptional" : "0",
        "dataType" : "Float32",
        "formattedType" : "MultiArray (Float32 1 × 128)",
        "shortDescription" : "",
        "shape" : "[1, 128]",
        "name" : "new_hidden_state",
        "type" : "MultiArray"
      },
      {
        "hasShapeFlexibility" : "0",
        "isOptional" : "0",
        "dataType" : "Float32",
        "formattedType" : "MultiArray (Float32 1 × 128)",
        "shortDescription" : "",
        "shape" : "[1, 128]",
        "name" : "new_cell_state",
        "type" : "MultiArray"
      }
    ],
    "version" : "6.0.0",
    "modelParameters" : [

    ],
    "author" : "Fluid Infernece + Silero Team",
    "specificationVersion" : 6,
    "storagePrecision" : "Mixed (Float16, Float32)",
    "mlProgramOperationTypeHistogram" : {
      "Lstm" : 1,
      "SliceByIndex" : 2,
      "Clip" : 4,
      "Transpose" : 2,
      "Pow" : 2,
      "Relu" : 5,
      "Squeeze" : 4,
      "Cast" : 12,
      "Sigmoid" : 1,
      "Add" : 2,
      "ExpandDims" : 5,
      "Sqrt" : 1,
      "Conv" : 6,
      "Pad" : 1
    },
    "computePrecision" : "Mixed (Float16, Float32, Int32)",
    "stateSchema" : [

    ],
    "isUpdatable" : "0",
    "availability" : {
      "macOS" : "12.0",
      "tvOS" : "15.0",
      "visionOS" : "1.0",
      "watchOS" : "8.0",
      "iOS" : "15.0",
      "macCatalyst" : "15.0"
    },
    "modelType" : {
      "name" : "MLModelType_mlProgram"
    },
    "inputSchema" : [
      {
        "hasShapeFlexibility" : "0",
        "isOptional" : "0",
        "dataType" : "Float32",
        "formattedType" : "MultiArray (Float32 1 × 576)",
        "shortDescription" : "",
        "shape" : "[1, 576]",
        "name" : "audio_input",
        "type" : "MultiArray"
      },
      {
        "hasShapeFlexibility" : "0",
        "isOptional" : "0",
        "dataType" : "Float32",
        "formattedType" : "MultiArray (Float32 1 × 128)",
        "shortDescription" : "",
        "shape" : "[1, 128]",
        "name" : "hidden_state",
        "type" : "MultiArray"
      },
      {
        "hasShapeFlexibility" : "0",
        "isOptional" : "0",
        "dataType" : "Float32",
        "formattedType" : "MultiArray (Float32 1 × 128)",
        "shortDescription" : "",
        "shape" : "[1, 128]",
        "name" : "cell_state",
        "type" : "MultiArray"
      }
    ],
    "userDefinedMetadata" : {
      "com.github.apple.coremltools.conversion_date" : "2025-09-15",
      "com.github.apple.coremltools.source" : "torch==2.7.0",
      "com.github.apple.coremltools.version" : "9.0b1",
      "com.github.apple.coremltools.source_dialect" : "TorchScript"
    },
    "generatedClassName" : "silero_vad_unified_v6_0_0",
    "method" : "predict"
  }
]